sample_id,depth,age_ka,d13C,d18O,ird_percent,ird_lithics_gm
"162-980C-8H-5,-2",65.57,515.87,1.12,3.73,,
"162-980C-8H-5,3-4",65.6,516.24,1.42,3.56,2.42,264.46
"162-980C-8H-5,5-7",65.62,516.49,1.36,3.74,,
"162-980C-8H-5,8-9",65.65,516.86,1.14,3.49,0.86,199.38
"162-980C-8H-5,10-11",65.67,517.1,1.42,3.69,,
"162-980C-8H-5,13-14",65.7,517.47,1.22,3.74,0,0
"162-980C-8H-5,15-17",65.72,517.72,0.95,3.72,,
"162-980C-8H-5,18-19",65.75,518.09,1.43,3.75,0,0
"162-980C-8H-5,20-22",65.77,518.33,1.25,3.34,,
"162-980C-8H-5,23-24",65.8,518.7,1.03,3.84,0,0
"162-980C-8H-5,28-29",65.85,519.32,,,0,0
"162-980C-8H-5,30-31",65.87,519.57,1.44,3.72,,
"162-980C-8H-5,33-34",65.9,519.94,1.32,3.61,0,0
"162-980C-8H-5,38-39",65.95,520.55,,,0,0
"162-980C-8H-5,40-42",65.97,520.8,1.28,3.36,,
"162-980C-8H-5,43-44",66,521.17,1.31,3.52,0,0
"162-980C-8H-5,45-47",66.02,521.41,1.2,3.47,,
"162-980C-8H-5,48-49",66.05,521.78,,,0,0
"162-980C-8H-5,50-51",66.07,522.03,1.13,3.36,,
"162-980C-8H-5,53-54",66.1,522.4,0.98,3.34,0.28,21.75
"162-980C-8H-5,55-57",66.12,522.65,1.26,3.46,,
"162-980C-8H-5,58-59",66.15,523.01,1.37,3.77,0.13,9.66
"162-980C-8H-5,60-62",66.17,523.26,1.1,3.15,,
"162-980C-8H-5,63-64",66.2,523.63,,,0.35,25.47
"162-980C-8H-5,65-67",66.22,523.88,1.3,3.37,,
"162-980C-8H-5,68-69",66.25,524.25,1.05,2.73,0,0
"162-980C-8H-5,70-71",66.27,524.49,1.18,3.33,,
"162-980C-8H-5,73-74",66.3,524.86,,,0.28,34.48
"162-980C-8H-5,78-79",66.35,525.48,,,0.57,70.85
"162-980C-8H-5,80-82",66.37,525.73,0.7,2.7,,
"162-980C-8H-5,83-84",66.4,526.06,,,0.24,20.3
"162-980C-8H-5,88-89",66.45,526.62,,,0.41,63.81
"162-980C-8H-5,93-94",66.5,527.18,,,0,0
"162-980C-8H-5,98-99",66.55,527.74,,,1.14,72.14
"162-980C-8H-5,100-102",66.57,527.96,0.73,3.49,,
"162-980C-8H-5,103-104",66.6,528.3,,,3.89,104.53
"162-980C-8H-5,108-109",66.65,528.86,,,2.85,58.25
"162-980C-8H-5,113-114",66.7,529.42,,,13.66,749.24
"162-980C-8H-5,115-117",66.72,529.64,0.39,3.67,,
"162-980C-8H-5,118-119",66.75,529.97,0.27,3.52,14.47,486.52
"162-980C-8H-5,120-122",66.77,530.2,0.22,3.95,,
"162-980C-8H-5,123-124",66.8,530.53,0.91,4.03,20.56,501.69
"162-980C-8H-5,125-127",66.82,530.76,0.82,3.88,,
"162-980C-8H-5,128-129",66.85,531.09,,,6.07,384.77
"162-980C-8H-5,130-131",66.87,531.32,0.99,4.24,,
"162-980C-8H-5,133-134",66.9,531.65,0.84,4.1,6.59,512.08
"162-980C-8H-5,138-139",66.95,532.21,1.14,3.21,4.8,418.99
"162-980C-8H-5,140-142",66.97,532.43,0.67,4.04,,
"162-980C-8H-5,143-144",67,532.77,0.73,4.18,4.17,488.92
"162-980C-8H-5,148-149",67.05,533.33,,,2.17,232.34
"162-980C-8H-6,3-5",67.1,533.89,0.71,4.21,3.82,405.77
"162-980C-8H-6,8-10",67.15,534.45,0.95,4.08,13.84,1040.27
"162-980C-8H-6,13-15",67.2,535.01,0.79,4.1,8.62,674
"162-980C-8H-6,18-20",67.25,535.57,0.8,3.89,,
"162-980C-8H-6,23-25",67.3,536.13,0.71,3.82,2.37,246.13
"162-980C-8H-6,28-30",67.35,536.68,0.92,4.09,0.83,61.55
"162-980C-8H-6,33-35",67.4,537.24,0.93,4.44,0.19,12.62
"162-980C-8H-6,38-40",67.45,537.8,0.84,3.88,,
"162-980C-8H-6,43-45",67.5,538.36,0.78,3.56,1.13,55.55
"162-980C-8H-6,48-50",67.55,538.92,0.6,4.09,8.22,279.37
"162-980C-8H-6,53-55",67.6,539.48,0.5,4.06,63.7,771.5
"162-980C-8H-6,58-60",67.65,540.04,0.83,3.81,,
"162-980C-8H-6,63-65",67.7,540.6,0.94,4.23,0.65,132.59
"162-980C-8H-6,68-70",67.75,541.16,0.83,4.13,0.31,40.66
"162-980C-8H-6,73-75",67.8,541.72,0.89,4.05,0.68,93.81
"162-980C-8H-6,78-80",67.85,542.28,0.58,3.94,,
"162-980C-8H-6,83-85",67.9,542.84,0.76,4,2.27,236.03
"162-980C-8H-6,88-90",67.95,543.39,0.78,4.13,0,0
"162-980C-8H-6,93-95",68,543.95,,,0.67,41.59
"162-980C-8H-6,98-100",68.05,544.51,0.9,3.8,,
"162-980C-8H-6,103-105",68.1,545.07,0.57,3.96,22.56,111.51
"162-980C-8H-6,108-110",68.15,545.63,0.73,4.12,22.77,12.74
"162-980C-8H-6,113-115",68.2,546.19,1.2,3.49,21.43,23.52
"162-980C-8H-6,118-120",68.25,546.75,0.28,3.85,,
"162-980C-8H-6,123-125",68.3,547.31,0.47,4.08,11.22,27.71
"162-980C-8H-6,128-130",68.35,547.87,0.49,4.03,4.36,16.01
"162-980C-8H-6,133-135",68.4,548.43,0.17,3.5,34.17,13.45
"162-980C-8H-6,143-145",68.5,549.54,0.66,3.78,73.99,365.16
"162-980C-8H-6,148-150",68.55,550.1,0.44,3.85,42.98,69.55
"162-980C-8H-7,3-5",68.6,550.66,0.51,3.65,,
"162-980C-8H-7,8-10",68.65,551.22,0.2,3.79,,
"162-980C-8H-7,13-15",68.7,551.78,0.67,3.76,,
"162-980C-8H-7,18-20",68.75,552.34,0.44,3.73,,
"162-980C-8H-7,28-30",68.85,553.46,0.35,3.81,,
"162-980A-7H-1,43-45",68.88,553.79,0.64,3.85,0.27,6.51
"162-980A-7H-1,48-50",68.93,554.35,0.93,3.63,8.96,138.3
"162-980A-7H-1,53-55",68.98,554.91,0.93,3.9,12.36,346.6
"162-980A-7H-1,58-60",69.03,555.47,0.76,3.65,1.1,24.03
"162-980A-7H-1,63-65",69.08,556.03,0.77,3.76,0.66,4.68
"162-980A-7H-1,68-70",69.13,556.59,0.81,3.36,0,0
"162-980A-7H-1,73-75",69.18,557.15,0.92,3.55,0.25,1.96
"162-980A-7H-1,78-80",69.23,557.71,0.55,3.56,0,0
"162-980A-7H-1,83-85",69.28,558.27,0.7,3.69,0.2,0.42
"162-980A-7H-1,87-89",69.32,558.72,0.87,3.56,1.09,5.88
"162-980A-7H-1,93-95",69.38,559.39,0.43,3.57,1.6,20.98
"162-980A-7H-1,98-100",69.43,559.95,0.33,3.31,11.02,368.03
"162-980A-7H-1,103-105",69.48,560.5,1.06,3.78,8.65,333.88
"162-980A-7H-1,108-110",69.53,561.06,0.68,3.67,5.64,65.85
"162-980A-7H-1,113-115",69.58,561.62,0.83,3.55,0.36,10.86
"162-980A-7H-1,118-120",69.63,562.18,,,1.14,31.75
"162-980A-7H-1,123-125",69.68,562.74,0.79,3.43,0.24,2.87
"162-980A-7H-1,128-130",69.73,563.3,,,0.78,27.85
"162-980A-7H-1,133-135",69.78,563.86,,,1.28,32.03
"162-980A-7H-1,138-140",69.83,564.42,0.51,3.13,3.81,198.07
"162-980A-7H-1,143-145",69.88,564.98,0.45,3.17,37.82,1497.08
"162-980A-7H-1,148-150",69.93,565.54,0.9,3.38,6.03,65.91
"162-980A-7H-2,3-5",69.98,566.1,0.7,3.33,4.4,279.17
"162-980A-7H-2,8-10",70.03,566.66,0.76,3.51,0.34,33.8
"162-980A-7H-2,13-15",70.08,567.21,0.83,3.56,0.94,31.31
"162-980A-7H-2,18-20",70.13,567.77,0.99,3.46,0.43,25.81
"162-980A-7H-2,23-25",70.18,568.33,0.62,3.42,0.2,14.56
"162-980A-7H-2,28-30",70.23,568.89,0.83,3.43,0.29,31.47
"162-980A-7H-2,33-35",70.28,569.45,0.55,2.96,0,0
"162-980A-7H-2,38-40",70.33,570.01,0.74,2.82,0,0
"162-980A-7H-2,43-45",70.38,570.8,0.94,3.3,0,0
"162-980A-7H-2,48-50",70.43,571.6,1.01,3.02,0,0
"162-980A-7H-2,53-55",70.48,572.39,,,0.28,28.28
"162-980A-7H-2,58-60",70.53,573.19,0.98,2.82,0.23,13.82
"162-980A-7H-2,63-65",70.58,573.98,1.08,2.92,0.63,32.79
"162-980A-7H-2,68-70",70.63,574.78,1.04,2.93,0,0
"162-980A-7H-2,73-75",70.68,575.57,1.02,3.05,0.34,23.73
"162-980A-7H-2,78-80",70.73,576.37,0.66,2.82,0.55,23.74
"162-980A-7H-2,83-85",70.78,577.16,0.84,2.94,0.15,10.08
"162-980A-7H-2,87-89",70.82,577.8,0.96,2.96,1.54,75.95
"162-980A-7H-2,93-95",70.88,578.75,0.46,2.99,1.8,72.22
"162-980A-7H-2,98-100",70.93,579.54,0.72,2.66,2.26,97.76
"162-980A-7H-2,103-105",70.98,580.34,0.18,2.96,6.14,373.34
"162-980A-7H-2,108-110",71.03,581.13,0.2,3.28,11.54,429.22
"162-980A-7H-2,113-115",71.08,581.93,0.1,3.09,25.74,1284.84
"162-980A-7H-2,118-120",71.13,582.72,0.47,3.41,3.5,205.13
"162-980A-7H-2,123-125",71.18,583.52,0.32,4.07,2.83,337.31
"162-980A-7H-2,128-130",71.23,584.31,0.63,4.11,4,179.15
"162-980A-7H-2,133-135",71.28,584.96,0.58,4.16,2.06,250.85
"162-980A-7H-2,138-140",71.33,585.6,0.59,4.01,0.27,22.26
"162-980A-7H-2,143-145",71.38,586.25,0.4,4.11,0,0
"162-980A-7H-2,148-150",71.43,586.9,0.88,3.99,0.44,40.24
"162-980A-7H-3,3-5",71.48,587.54,0.69,3.87,0,0
"162-980A-7H-3,8-10",71.53,588.19,0.97,3.76,0,0
"162-980A-7H-3,13-15",71.58,588.83,,,0.56,61.83
"162-980A-7H-3,18-20",71.63,589.48,0.33,3.36,0,0
"162-980A-7H-3,23-25",71.68,590.13,0.71,3.57,0,0
"162-980A-7H-3,28-30",71.73,590.77,0.52,3.55,0.23,21.04
"162-980A-7H-3,33-35",71.78,591.42,0.95,3.51,0.16,37.07
"162-980A-7H-3,40-42",71.85,592.32,0.9,3.41,0.15,11.51
"162-980A-7H-3,43-45",71.88,592.71,,,0.56,35.08
"162-980A-7H-3,48-50",71.93,593.36,0.65,3.62,0.17,6.13
"162-980A-7H-3,53-55",71.98,594.01,0.97,3.72,1.98,222.4
"162-980A-7H-3,58-60",72.03,595.07,,,0,0
"162-980A-7H-3,63-65",72.08,596.14,,,0.16,14.78
"162-980A-7H-3,68-70",72.13,597.21,,,0,0
"162-980A-7H-3,73-75",72.18,598.28,0.78,3.73,0,0
"162-980A-7H-3,78-80",72.23,599.34,,,0,0
"162-980A-7H-3,83-85",72.28,600.41,0.73,3.56,0,0
"162-980A-7H-3,87-89",72.32,601.26,,,10.69,237.1
"162-980A-7H-3,93-95",72.38,602.55,0.6,3.55,0.19,12.81
"162-980A-7H-3,98-100",72.43,603.61,0.65,3.37,1.3,108.12
"162-980A-7H-3,103-105",72.48,604.68,0.54,3.54,1.49,87.3
"162-980A-7H-3,108-110",72.53,605.75,0.85,3.77,0.17,45.86
"162-980A-7H-3,113-115",72.58,606.82,0.97,3.8,1.24,224.29
"162-980A-7H-3,118-120",72.63,607.28,0.91,3.54,0,0
"162-980A-7H-3,123-125",72.68,607.75,0.92,3.68,0,0
"162-980A-7H-3,128-130",72.73,608.21,1.14,3.5,0,0
"162-980A-7H-3,133-135",72.78,608.68,1.01,3.45,0.14,48.34
"162-980A-7H-3,138-140",72.83,609.14,0.75,3.07,0,0
"162-980C-9H-2,28-30",72.88,609.61,0.77,3.39,0.28,54.08
"162-980C-9H-2,33-35",72.93,610.07,0.75,3.18,0,0
"162-980C-9H-2,38-40",72.98,610.54,0.88,3.25,0,0
"162-980C-9H-2,43-45",73.03,611,0.78,3.32,0,0
"162-980C-9H-2,48-50",73.08,611.47,0.62,3.24,0,0
"162-980C-9H-2,53-55",73.13,611.93,0.92,3.15,0,0
"162-980C-9H-2,58-60",73.18,612.4,0.49,3.56,0,0
"162-980C-9H-2,63-65",73.23,612.86,0.96,3,0,0
"162-980C-9H-2,68-70",73.28,613.33,0.87,2.97,0,0
"162-980C-9H-2,73-75",73.33,613.79,0.9,2.89,0,0
"162-980C-9H-2,78-80",73.38,614.26,0.87,2.98,0,0
"162-980C-9H-2,83-85",73.43,614.72,0.89,2.89,0.21,26.39
"162-980C-9H-2,88-90",73.48,615.19,0.93,2.9,0,0
"162-980C-9H-2,93-95",73.53,615.65,0.88,2.92,0,0
"162-980C-9H-2,98-100",73.58,616.12,0.74,2.94,0,0
"162-980C-9H-2,103-105",73.63,616.58,0.94,2.98,0,0
"162-980C-9H-2,108-110",73.68,617.05,0.98,2.99,0,0
"162-980C-9H-2,113-115",73.73,617.51,0.89,3.01,,
"162-980C-9H-2,118-120",73.78,617.98,0.75,2.96,0,0
"162-980C-9H-2,123-125",73.83,618.44,0.67,3.06,0,0
"162-980C-9H-2,128-130",73.88,618.69,0.64,3.13,0.3,25.38
"162-980C-9H-2,133-135",73.93,618.95,0.69,3.09,0,0
"162-980C-9H-2,138-140",73.98,619.2,0,2.95,0,0
"162-980C-9H-2,143-145",74.03,619.45,0.26,3.14,0.29,20.78
"162-980C-9H-3,3-5",74.13,619.96,,,0.97,2.04
"162-980C-9H-3,8-10",74.18,620.21,0.24,3.43,0.24,5.11
"162-980C-9H-3,13-15",74.23,620.46,,,2.25,64.37
"162-980C-9H-3,18-20",74.28,620.71,0.36,3.1,0,0
"162-980C-9H-3,28-30",74.38,621.22,-0.03,3.45,0.54,14.2
"162-980C-9H-3,33-35",74.43,621.47,,,0.67,15.01
"162-980C-9H-3,38-40",74.48,621.72,,,0.92,17.74
"162-980C-9H-3,43-45",74.53,621.98,0.15,3.43,0.86,46.2
"162-980C-9H-3,48-50",74.58,622.23,0.13,3.52,18.5,513.25
"162-980C-9H-3,53-55",74.63,622.48,0.11,3.6,10.71,297.85
"162-980C-9H-3,58-60",74.68,622.73,0.27,3.63,13.88,302.22
"162-980C-9H-3,63-65",74.73,622.99,0.16,3.91,19.74,210.45
"162-980C-9H-3,68-70",74.78,623.24,0.16,3.95,83.55,1964.05
"162-980C-9H-3,73-75",74.83,623.88,,,95.24,2202.04
"162-980C-9H-3,78-80",74.88,624.51,0.35,4.37,38.99,656.95
"162-980C-9H-3,83-85",74.93,625.15,0.45,4.59,5,105.67
"162-980C-9H-3,88-90",74.98,625.78,0.33,4.61,0.38,1.1
"162-980C-9H-3,93-95",75.03,626.42,0.09,4.59,0,0
"162-980C-9H-3,98-100",75.08,627.05,,,0.3,1.41
"162-980C-9H-3,103-105",75.13,627.69,,,1.71,5.85
"162-980C-9H-3,108-110",75.18,628.32,,,1.75,11.58
"162-980C-9H-3,113-115",75.23,628.96,,,83.37,629.66
"162-980C-9H-3,118-120",75.28,629.59,-0.05,4.55,96.96,1972.97
"162-980C-9H-3,123-125",75.33,630.23,0.2,4.7,75.65,699.61
"162-980C-9H-3,128-130",75.38,630.86,0.38,4.75,5.82,29.62
"162-980C-9H-3,133-135",75.43,631.5,,,9.73,53.95
"162-980C-9H-3,138-140",75.48,632.13,0.13,4.63,12.85,96.3
"162-980C-9H-3,143-145",75.53,632.77,0.52,4.78,6.11,47.87
"162-980C-9H-3,148-150",75.58,633.4,0.28,4.84,3.06,49.32
"162-980C-9H-4,3-5",75.63,633.78,0.8,4.37,9,156.85
"162-980C-9H-4,8-10",75.68,634.16,0.17,4.88,51.71,968.66
"162-980C-9H-4,13-15",75.73,634.54,0.45,4.77,1.99,330.09
"162-980C-9H-4,18-20",75.78,634.92,0.04,4.48,3.16,303.05
"162-980C-9H-4,23-25",75.83,635.3,0.24,4.8,0.67,99.12
"162-980C-9H-4,28-30",75.88,635.68,0.05,4.82,0.61,48.24
"162-980C-9H-4,33-35",75.93,636.06,0.09,4.75,0.37,79.61
"162-980C-9H-4,38-40",75.98,636.44,0.32,4.33,0.86,47.78
"162-980C-9H-4,43-45",76.03,636.82,0.36,4.69,0.35,30.72
"162-980C-9H-4,48-50",76.08,637.19,0.68,4.51,2.42,3.37
"162-980C-9H-4,53-55",76.13,637.57,,,2.36,144.42
"162-980C-9H-4,58-60",76.18,637.95,,,4.58,105.23
"162-980C-9H-4,63-65",76.23,638.33,0.29,4.61,17.88,2139.67
"162-980C-9H-4,68-70",76.28,638.71,0.38,4.62,2.44,109.4
"162-980C-9H-4,73-75",76.33,639.09,0.17,4.76,1.29,109.22
"162-980C-9H-4,78-80",76.38,639.47,,,1.94,115.09
"162-980C-9H-4,83-85",76.43,639.85,0.42,4.55,1.65,28.54
"162-980C-9H-4,88-90",76.48,640.23,-0.21,3.95,2.29,21.65
"162-980C-9H-4,93-95",76.53,640.61,0.48,4.39,2.2,57.77
"162-980C-9H-4,98-100",76.58,640.99,,,2.39,30.94
"162-980C-9H-4,103-105",76.63,641.37,0.09,4.53,0.2,1.16
"162-980C-9H-4,108-110",76.68,641.75,-0.44,4.53,0,0
"162-980C-9H-4,113-115",76.73,642.13,-0.2,4.48,0,0
"162-980C-9H-4,118-120",76.78,642.51,,,0,0
"162-980C-9H-4,123-125",76.83,642.89,0.01,4.48,1.49,16.82
"162-980C-9H-4,128-130",76.88,643.27,-0.72,4.49,0.37,1.23
"162-980C-9H-4,133-135",76.93,643.65,,,0.45,3.6
"162-980C-9H-4,138-140",76.98,644.02,,,0,0
"162-980C-9H-4,143-145",77.03,644.4,,,0.97,3.93
"162-980C-9H-4,148-150",77.08,644.78,,,0.37,3.22
"162-980C-9H-5,3-5",77.13,645.16,,,1.68,22.84
"162-980C-9H-5,8-10",77.18,645.54,0.17,4.28,77.59,1143.08
"162-980C-9H-5,13-15",77.23,645.92,,,93.24,2190.3
"162-980C-9H-5,18-20",77.28,646.3,,,99.33,4112.72
"162-980C-9H-5,23-25",77.33,646.68,,,14.29,243.93
"162-980C-9H-5,28-30",77.38,647.06,0.51,4.65,2.66,67.59
"162-980C-9H-5,33-35",77.43,647.44,,,2.55,46.97
"162-980C-9H-5,38-40",77.48,647.82,0.66,4.29,1.1,18.69
"162-980C-9H-5,43-45",77.53,648.2,0.43,4.62,4.42,382.98
"162-980C-9H-5,48-50",77.58,648.58,0.45,4.58,41.88,872.2
"162-980C-9H-5,53-55",77.63,648.96,0.42,4.8,19.16,1934.85
"162-980C-9H-5,58-60",77.68,649.34,0.23,3.95,4.02,268.81
"162-980C-9H-5,63-65",77.73,649.72,,,2.35,195.92
"162-980C-9H-5,68-70",77.78,650.1,0.36,4.6,4.86,163.32
"162-980C-9H-5,73-75",77.83,650.48,,,1.8,141.53
"162-980C-9H-5,78-80",77.88,650.85,-0.17,4.23,1.45,69.79
"162-980C-9H-5,83-85",77.93,651.23,0.35,4.12,0.37,18.2
"162-980C-9H-5,88-90",77.98,651.61,0.5,4.41,5.33,137.34
"162-980C-9H-5,93-95",78.03,651.99,,,0.29,12.51
"162-980C-9H-5,98-100",78.08,652.37,0.33,4.32,0.18,4.59
"162-980C-9H-5,103-105",78.13,652.75,,,1.14,41.46
"162-980C-9H-5,108-110",78.18,653.13,,,1.71,47.24
"162-980C-9H-5,113-115",78.23,653.51,,,2.92,140.12
"162-980C-9H-5,118-120",78.28,653.89,0.34,4,1.9,37.18
"162-980C-9H-5,123-125",78.33,654.27,,,3.08,71.27
"162-980C-9H-5,128-130",78.38,654.65,0.51,4.43,7.1,113.27
"162-980C-9H-5,133-135",78.43,655.03,,,6.81,206.08
"162-980C-9H-5,138-140",78.48,655.41,0.49,3.96,9.43,116.55
"162-980C-9H-5,143-145",78.53,655.79,,,28.43,169.47
"162-980C-9H-5,148-150",78.58,656.17,-0.11,4.51,2.13,6.48
"162-980C-9H-6,3-5",78.63,656.55,0.19,4.73,1.16,13.78
"162-980C-9H-6,8-10",78.68,656.93,,,0,0
"162-980C-9H-6,13-15",78.73,657.31,0.77,4.71,9.77,55.11
"162-980C-9H-6,18-20",78.78,657.68,0.15,3.96,66.67,1303.48
"162-980C-9H-6,23-25",78.83,658.06,0.58,4.65,85.16,2021.36
"162-980C-9H-6,28-30",78.88,658.44,0.49,4.63,45.79,521.32
"162-980C-9H-6,33-35",78.93,658.82,0.61,4.58,15.63,230.94
"162-980C-9H-6,38-40",78.98,659.2,0.38,4,38.38,269.15
"162-980C-9H-6,43-45",79.03,659.58,0.77,4.59,28.57,318.61
"162-980C-9H-6,48-50",79.08,659.96,0.44,4.6,21.95,183.59
"162-980A-8H-1,38-40",79.09,660.04,0.45,4.56,14.49,121.11
"162-980A-8H-1,43-45",79.14,660.42,0.62,4.53,10.96,124.79
"162-980A-8H-1,48-50",79.19,660.8,0.45,4.36,3.33,422.44
"162-980A-8H-1,53-55",79.24,661.18,0.52,4.57,2.48,51.95
"162-980A-8H-1,58-60",79.29,661.56,,,7.02,110.1
"162-980A-8H-1,63-65",79.34,661.93,0.75,4.3,0.43,7.51
"162-980A-8H-1,68-70",79.39,662.31,0.53,4.36,2.66,48.93
"162-980A-8H-1,73-75",79.44,662.69,0.57,4.13,1.06,11.25
"162-980A-8H-1,78-80",79.49,663.07,0.47,3.79,1,19.32
"162-980A-8H-1,83-85",79.54,663.45,0.42,3.93,9.13,307.2
"162-980A-8H-1,88-90",79.59,663.83,0.1,4.07,52.23,1442.79
"162-980A-8H-1,93-95",79.64,664.21,0.39,4.17,14.24,455.59
"162-980A-8H-1,98-100",79.69,664.59,0.3,3.84,13.85,179.98
"162-980A-8H-1,103-105",79.74,664.97,0.37,4.2,1.84,51.76
"162-980A-8H-1,108-110",79.79,665.35,0.37,4.2,4.92,143.37
"162-980A-8H-1,113-115",79.84,665.73,0.52,4.19,2.74,78.84
"162-980A-8H-1,118-120",79.89,666.11,,,13.74,199.74
"162-980A-8H-1,123-125",79.94,666.49,0.5,4.16,4.48,76.76
"162-980A-8H-1,128-130",79.99,666.87,0.44,4.32,6.98,155.92
"162-980A-8H-1,133-135",80.04,667.25,0.45,4.08,0.83,80.51
"162-980A-8H-1,138-140",80.09,667.63,-0.06,4.16,2.82,57.25
"162-980A-8H-1,143-145",80.14,668.01,0.46,4.19,2.64,145.81
"162-980A-8H-1,148-150",80.19,668.39,0.12,3.94,22.97,330.16
"162-980A-8H-2,3-5",80.24,668.76,0.34,4.33,3.36,84.8
"162-980A-8H-2,8-10",80.29,669.14,0.31,4.21,3.22,58.72
"162-980A-8H-2,13-15",80.34,669.52,0.13,4.18,3.14,108.37
"162-980A-8H-2,18-20",80.39,669.9,0.16,3.81,3.41,40.69
"162-980A-8H-2,23-25",80.44,670.28,0,3.9,88.77,2944.62
"162-980A-8H-2,28-30",80.49,670.66,0.24,4.25,2.31,71.86
"162-980A-8H-2,33-35",80.54,671.04,0.31,4.25,4.13,168.64
"162-980A-8H-2,38-40",80.59,671.42,0.33,3.83,1.3,20.23
"162-980A-8H-2,43-45",80.64,671.8,0.2,4.04,6.98,99.55
"162-980A-8H-2,48-50",80.69,672.18,0.33,3.94,1.62,88.21
"162-980A-8H-2,53-55",80.74,672.56,0.19,4.05,1.43,63.04
"162-980A-8H-2,58-60",80.79,672.94,0.01,3.61,2.8,96.58
"162-980A-8H-2,63-65",80.84,673.32,0.24,3.91,30.03,521.16
"162-980A-8H-2,68-70",80.89,673.7,0.31,4.26,5.28,253.18
"162-980A-8H-2,73-75",80.94,674.08,0.25,4.38,29.59,1143.83
"162-980A-8H-2,78-80",80.99,674.46,0.21,4,5.29,174.35
"162-980A-8H-2,83-85",81.04,674.84,0.42,4.21,13.6,622.14
"162-980A-8H-2,88-90",81.09,675.22,,,9.46,164.47
"162-980A-8H-2,93-95",81.14,675.59,0.46,4.23,9.33,746.6
"162-980A-8H-2,98-100",81.19,675.97,0.54,3.92,3.39,189.84
"162-980A-8H-2,103-105",81.24,676.35,,,5.11,267.1
"162-980A-8H-2,108-110",81.29,676.73,0.2,3.81,25.32,334.73
"162-980A-8H-2,113-115",81.34,677.11,0.18,3.63,61.01,1577.64
"162-980A-8H-2,118-120",81.39,677.49,0.66,4.06,58.17,2849.25
"162-980A-8H-2,123-125",81.44,677.87,0.63,3.97,0.89,79.24
"162-980A-8H-2,128-130",81.49,678.25,0.42,3.99,1.95,172.18
"162-980A-8H-2,133-135",81.54,678.63,0.99,3.7,0.5,44.93
"162-980A-8H-2,138-140",81.59,679.01,0.86,3.75,0.82,173.75
"162-980A-8H-2,143-145",81.64,679.39,0.69,3.82,0.43,68.16
"162-980A-8H-2,148-150",81.69,679.77,0.32,3.48,15.52,631.41
"162-980A-8H-3,3-5",81.74,680.15,0.52,3.83,2.02,80.96
"162-980A-8H-3,8-10",81.79,680.53,0.68,3.75,0.19,7.05
"162-980A-8H-3,13-15",81.84,680.91,0.56,3.82,0.81,71.76
"162-980A-8H-3,18-20",81.89,681.29,0.17,3.27,28.57,482.87
"162-980A-8H-3,23-25",81.94,681.67,0.2,3.51,17.15,618.13
"162-980A-8H-3,28-30",81.99,682.05,0.29,3.32,54.74,682.74
"162-980A-8H-3,33-35",82.04,682.42,,,35.42,734.66
"162-980A-8H-3,38-40",82.09,682.8,0.77,3.25,23.26,477.04
"162-980A-8H-3,43-45",82.14,683.18,0.6,3.95,1.4,88.54
"162-980A-8H-3,48-50",82.19,683.56,0.75,3.29,0,0
"162-980A-8H-3,53-55",82.24,683.94,0.67,3.64,0.27,18.58
"162-980A-8H-3,58-60",82.29,684.32,0.77,3.3,0.46,32.62
"162-980A-8H-3,63-65",82.34,684.7,0.83,3.47,0.36,35.39
"162-980A-8H-3,68-70",82.39,685.08,1.15,3.41,0,0
"162-980A-8H-3,73-75",82.44,685.46,0.9,3.23,0.27,21.51
"162-980A-8H-3,78-80",82.49,685.84,1,2.97,0,0
"162-980A-8H-3,83-85",82.54,686.63,1.01,3.22,0,0
"162-980A-8H-3,88-90",82.59,687.42,1,3.25,0,0
"162-980A-8H-3,93-95",82.64,688.21,,,0.3,33.6
"162-980A-8H-3,98-100",82.69,689,0.74,2.76,0.24,16
"162-980A-8H-3,103-105",82.74,689.79,,,0,0
"162-980A-8H-3,108-110",82.79,690.59,,,0,0
"162-980A-8H-3,113-115",82.84,691.38,,,0.22,15.44
"162-980A-8H-3,118-120",82.89,692.17,0.91,3.05,0.48,26.22
"162-980A-8H-3,123-125",82.94,692.96,,,0,0
"162-980A-8H-3,128-130",82.99,693.75,,,0,0
"162-980A-8H-3,133-135",83.04,694.54,,,0,0
"162-980A-8H-3,138-140",83.09,695.33,1.02,2.94,0,0
"162-980A-8H-3,143-145",83.14,696.12,1.72,3.89,0.29,53.07
"162-980A-8H-3,148-150",83.19,696.91,1.12,3.3,0,0
"162-980A-8H-4,3-5",83.24,697.7,0.96,3.15,0,0
"162-980A-8H-4,8-10",83.29,698.49,0.96,3.29,0.27,67.6
"162-980A-8H-4,13-15",83.34,699.29,0.89,3.34,0.27,54.64
"162-980A-8H-4,18-20",83.39,700.08,0.91,3.06,0.81,88.34
"162-980A-8H-4,23-25",83.44,700.87,0.73,3.34,1.39,209.75
"162-980A-8H-4,28-30",83.49,701.66,-0.44,2.98,1.63,300.26
"162-980A-8H-4,33-35",83.54,702.45,0.58,3.39,1.42,103.75
"162-980A-8H-4,38-40",83.59,703.24,0.84,3.25,2.74,121.15
"162-980A-8H-4,43-45",83.64,704.48,,,0.97,29.8
"162-980A-8H-4,48-50",83.69,705.73,1.18,4.22,0,0
"162-980A-8H-4,53-55",83.74,706.97,,,0.41,12.37
"162-980A-8H-4,58-60",83.79,708.21,,,0.43,5.45
"162-980A-8H-4,63-65",83.84,709.46,,,0.88,12.9
"162-980A-8H-4,68-70",83.89,710.7,0.23,4.65,21.35,432.92
"162-980A-8H-4,73-75",83.94,711.94,,,79.51,1821.57
"162-980A-8H-4,78-80",83.99,713.19,-0.78,3.36,76.69,1455.86
"162-980A-8H-4,83-85",84.04,714.43,,,89.17,3483.67
"162-980A-8H-4,88-90",84.09,715.67,,,88.78,1540.37
"162-980A-8H-4,93-95",84.14,716.92,,,85.05,1420.12
"162-980A-8H-4,98-100",84.19,718.16,-0.64,3.59,82.58,1423.09
"162-980A-8H-4,103-105",84.24,719.39,0.51,3.51,85.4,466.61
"162-980A-8H-4,108-110",84.29,720.62,-0.04,3.85,85.09,1264.65
"162-980A-8H-4,113-115",84.34,721.85,0.13,3.9,66.34,704.11
"162-980C-10H-3,13-15",84.38,722.83,0.48,4.2,30.37,664.48
"162-980C-10H-3,18-20",84.43,724.06,0.63,4.11,,
"162-980C-10H-3,23-25",84.48,725.29,0.66,4.22,13.93,486.58
"162-980C-10H-3,28-30",84.53,726.52,0.47,4.09,5.56,387.76
"162-980C-10H-3,33-35",84.58,727.75,0.57,4.16,2.84,186.69
"162-980C-10H-3,38-40",84.63,728.97,0.72,3.93,2.46,408.46
"162-980C-10H-3,43-45",84.68,730.2,0.96,3.92,0.57,71.15
"162-980C-10H-3,48-50",84.73,731.43,0.73,3.91,0,0
"162-980C-10H-3,53-55",84.78,732.66,0.69,3.76,0.28,42.56
"162-980C-10H-3,58-60",84.83,733.89,0.71,3.38,0.5,80.5
"162-980C-10H-3,63-65",84.88,735.12,0.57,3.38,0.51,157.5
"162-980C-10H-3,68-70",84.93,736.35,0.7,3.78,1.47,206.87
"162-980C-10H-3,73-75",84.98,737.58,0.34,3.88,0.5,79.79
"162-980C-10H-3,78-80",85.03,738.81,0.52,3.61,0,0
"162-980C-10H-3,83-85",85.08,740.04,0.36,3.78,0.25,42.32
"162-980C-10H-3,88-90",85.13,741.26,0.54,3.79,0,0
"162-980C-10H-3,93-95",85.18,742.49,0.53,3.9,0,0
"162-980C-10H-3,98-100",85.23,743.72,0.42,3.52,0,0
"162-980C-10H-3,103-105",85.28,744.95,0.51,3.51,0.62,61.19
"162-980C-10H-3,108-110",85.33,746.18,0.04,3.79,4.24,366.39
"162-980C-10H-3,113-115",85.38,747.41,1.01,4.41,0.84,56.81
"162-980C-10H-3,118-120",85.43,748.64,-0.15,3.3,64.94,1829.88
"162-980C-10H-3,123-125",85.48,749.87,0.17,3.97,50.93,1705.17
"162-980C-10H-3,128-130",85.53,751.1,-0.11,4.4,9.09,213.48
"162-980C-10H-3,133-135",85.58,752.33,0.23,4.3,56.84,956.68
"162-980C-10H-3,138-140",85.63,753.55,0.23,4.25,5.74,404.33
"162-980C-10H-3,143-145",85.68,754.78,0.33,4.47,3.7,351.62
"162-980C-10H-3,148-150",85.73,756.01,0.37,4.23,2.64,139.26
"162-980C-10H-4,3-5",85.78,757.24,0.76,4.14,7.21,542.52
"162-980C-10H-4,8-10",85.83,758.47,0.68,3.75,10.16,419.24
"162-980C-10H-4,13-15",85.88,759.01,0.3,4.15,7.44,732.67
"162-980C-10H-4,18-20",85.93,759.55,0.45,4.05,4.08,394.03
"162-980C-10H-4,23-25",85.98,760.09,0.63,4.09,6.45,368.55
"162-980C-10H-4,28-30",86.03,760.63,0.52,3.98,7.12,198.71
"162-980C-10H-4,33-35",86.08,761.17,0.65,3.97,7.69,70.32
"162-980C-10H-4,38-40",86.13,761.71,,,0,0
"162-980C-10H-4,43-45",86.18,762.25,0.64,3.74,1.41,83.69
"162-980C-10H-4,48-50",86.23,762.79,0.51,3.67,3.03,107.97
"162-980C-10H-4,53-55",86.28,763.33,,,26.56,510.27
"162-980C-10H-4,58-60",86.33,763.87,-0.05,3.55,56.72,2104.72
"162-980C-10H-4,63-65",86.38,764.41,0.84,3.85,49.32,1143.84
"162-980C-10H-4,68-70",86.43,764.95,0.59,3.64,6.55,386.1
"162-980C-10H-4,73-75",86.48,765.49,0.68,3.56,1.29,53.53
"162-980C-10H-4,78-80",86.53,766.03,0.55,3.15,0.28,19.85
"162-980C-10H-4,83-85",86.58,766.57,0.82,3.23,1.09,48.57
"162-980C-10H-4,88-90",86.63,767.11,0.98,3.28,1.63,136.42
"162-980C-10H-4,93-98",86.68,767.65,0.65,3.39,5.61,124.7
"162-980C-10H-4,98-100",86.73,768.19,0.57,3.25,15.08,465.09
"162-980C-10H-4,103-105",86.78,768.73,0.85,4.14,1.52,117.82
"162-980C-10H-4,108-110",86.83,769.27,0.69,3.39,0.89,119.51
"162-980C-10H-4,113-115",86.88,769.81,0.52,3.92,0.95,72.84
"162-980C-10H-4,118-120",86.93,770.35,0.72,3.3,0.31,11.57
"162-980C-10H-4,123-125",86.98,770.89,0.86,3.48,0.18,23.42
"162-980C-10H-4,128-130",87.03,771.43,0.74,3.29,0.28,22.21
"162-980C-10H-4,133-135",87.08,771.97,0.67,3.35,2.27,315.58
"162-980C-10H-4,138-140",87.13,772.5,0.95,3.2,0,0
"162-980C-10H-4,143-145",87.18,773.04,0.87,3.34,0,0
"162-980C-10H-4,148-150",87.23,773.58,1.07,3.19,0,0
"162-980C-10H-5,3-5",87.28,774.12,0.91,3.28,0,0
"162-980C-10H-5,8-10",87.33,774.66,0.88,3.1,0.7,13.73
"162-980C-10H-5,13-15",87.38,775.2,0.85,3.13,0,0
"162-980C-10H-5,18-20",87.43,775.74,0.98,2.84,0,0
"162-980C-10H-5,23-25",87.48,776.28,0.82,2.96,0,0
"162-980C-10H-5,28-30",87.53,776.82,0.93,3.1,0,0
"162-980C-10H-5,33-35",87.58,777.36,0.73,3.09,0,0
"162-980C-10H-5,38-40",87.63,777.9,1.04,3.16,0,0
"162-980C-10H-5,43-45",87.68,778.44,0.7,3.1,0.28,14.2
"162-980C-10H-5,48-50",87.73,778.98,0.84,3.05,0,0
"162-980C-10H-5,53-55",87.78,779.52,0.8,2.76,0,0
"162-980C-10H-5,58-60",87.83,780.06,0.73,2.74,0,0
"162-980C-10H-5,63-65",87.88,780.6,0.9,2.89,0,0
"162-980C-10H-5,68-70",87.93,781.14,0.63,2.99,0,0
"162-980C-10H-5,73-75",87.98,781.68,0.68,3.04,0,0
"162-980C-10H-5,78-80",88.03,782.22,0.92,2.77,0,0
"162-980C-10H-5,83-85",88.08,782.76,0.55,2.94,0,0
"162-980C-10H-5,88-90",88.13,783.3,0.45,3,0.33,11.03
"162-980C-10H-5,93-95",88.18,783.84,0.81,3.02,0.66,17.97
"162-980C-10H-5,98-100",88.23,784.38,0.71,2.67,0.23,11.57
"162-980C-10H-5,103-105",88.28,784.92,0.59,2.96,0.33,13.76
"162-980C-10H-5,108-110",88.33,785.46,0.54,2.92,0.22,12.27
"162-980C-10H-5,113-115",88.38,786,0.38,2.86,0.76,24.99
"162-980C-10H-5,118-120",88.43,786.65,0.57,2.74,0.25,10.56
"162-980C-10H-5,123-125",88.48,787.3,0.57,2.94,0,0
"162-980C-10H-5,128-130",88.53,787.95,0.68,2.93,1.34,13.96
"162-980C-10H-5,133-135",88.58,788.6,0.64,2.95,2.9,36.81
"162-980C-10H-5,138-140",88.63,789.25,-0.06,2.77,25.68,195
"162-980C-10H-5,143-145",88.68,789.9,-0.06,3.24,58.69,693.96
"162-980C-10H-5,148-150",88.73,790.56,0.04,2.93,72.2,795.74
"162-980C-10H-6,8-10",88.83,791.86,-0.52,3.29,61.03,409.17
"162-980C-10H-6,13-15",88.88,792.51,-0.4,3.75,60.99,462.6
"162-980C-10H-6,18-20",88.93,793.16,-0.35,3.46,63.24,952.25
"162-980C-10H-6,23-25",88.98,793.81,-0.25,3.87,39.66,502.69
"162-980C-10H-6,28-30",89.03,794.46,0.42,4.42,25,338.91
"162-980C-10H-6,33-35",89.08,795.11,0.29,4.48,8.82,138.29
"162-980C-10H-6,38-40",89.13,795.76,0.3,4.19,13.33,367.29
"162-980C-10H-6,43-45",89.18,796.41,0.39,4.45,10.89,215.47
"162-980C-10H-6,48-50",89.23,797.06,0.42,4.37,16.67,698.39
"162-980C-10H-6,53-55",89.28,797.71,0.29,4.37,4.61,164.71
"162-980C-10H-6,58-60",89.33,798.37,0.03,3.95,0.84,86.9
"162-980C-10H-6,63-65",89.38,799.02,0.49,4.19,4.49,282.02
"162-980C-10H-6,68-70",89.43,799.67,0.6,4.13,3.85,222.77
"162-980C-10H-6,73-75",89.48,800.32,0.58,4,1.58,189.19
"162-980C-10H-6,78-80",89.53,800.97,0.56,3.75,1.25,266.39
"162-980C-10H-6,83-85",89.58,801.62,0.36,3.97,2.27,193
"162-980C-10H-6,88-90",89.63,802.27,0.79,3.89,4.17,201.14
"162-980C-10H-6,93-95",89.68,802.92,0.92,3.9,0.42,22.02
"162-980C-10H-6,98-100",89.73,803.57,0.67,3.59,0.53,21.07
"162-980C-10H-6,103-105",89.78,804.22,0.4,3.89,0.71,19.18
"162-980C-10H-6,108-110",89.83,804.87,,,8.3,416.23
"162-980A-9H-1,78-80",89.87,805.39,0.84,3.47,1.59,115.24
"162-980A-9H-1,83-85",89.92,806.04,0.91,3.62,0.41,53.45
"162-980A-9H-1,88-90",89.97,806.7,0.89,3.53,3.77,267.12
"162-980A-9H-1,93-95",90.02,807.35,0.91,3.51,0,0
"162-980A-9H-1,98-100",90.07,808,0.61,3.1,0.42,19.91
"162-980A-9H-1,103-105",90.12,808.65,0.74,3.46,0,0
"162-980A-9H-1,108-110",90.17,809.3,1.3,4.12,0,0
"162-980A-9H-1,113-115",90.22,809.95,0.75,3.29,0,0
"162-980A-9H-1,118-120",90.27,810.6,0.83,3.14,0,0
"162-980A-9H-1,123-125",90.32,811.36,0.68,3.23,0,0
"162-980A-9H-1,128-130",90.37,812.12,0.8,3.28,0.6,21.59
"162-980A-9H-1,133-135",90.42,812.87,0.48,3.05,2.78,117.87
"162-980A-9H-1,138-140",90.47,813.63,0.56,3.02,6.44,267.22
"162-980A-9H-1,143-145",90.52,814.39,0.17,3.33,2.19,98.58
"162-980A-9H-1,148-150",90.57,815.15,0.6,3.89,1.86,118.16
"162-980A-9H-2,3-5",90.62,815.9,0.48,3.86,0.71,52.79
"162-980A-9H-2,8-10",90.67,816.66,,,0.4,26.23
"162-980A-9H-2,13-15",90.72,817.42,0.84,3.71,0.54,29.09
"162-980A-9H-2,18-20",90.77,818.18,-0.2,3.5,0,0
"162-980A-9H-2,23-25",90.82,818.93,0.63,3.41,1.24,93.6
"162-980A-9H-2,28-30",90.87,819.69,0.43,3.86,0.28,31.17
"162-980A-9H-2,33-35",90.92,820.45,0.62,3.38,0.51,24.82
"162-980A-9H-2,38-40",90.97,821.21,0.39,3.34,0.53,44.49
"162-980A-9H-2,43-45",91.02,821.96,0.77,3.39,0.75,41.42
"162-980A-9H-2,48-50",91.07,822.72,0.67,3.47,0,0
"162-980A-9H-2,53-55",91.12,823.48,,,2.55,63.52
"162-980A-9H-2,58-60",91.17,824.24,0.01,3.22,20.13,555.08
"162-980A-9H-2,63-65",91.22,824.99,0.56,3.9,1.6,123.67
"162-980A-9H-2,68-70",91.27,825.75,,,0.27,36.6
"162-980A-9H-2,73-75",91.32,826.51,,,0,0
"162-980A-9H-2,78-80",91.37,827.27,0.01,3.38,0.35,19.51
"162-980A-9H-2,83-85",91.42,828.02,,,0.61,22.04
"162-980A-9H-2,88-90",91.47,828.78,,,0.51,25.62
"162-980A-9H-2,93-95",91.52,829.54,0.91,3.61,3.49,140.54
"162-980A-9H-2,98-100",91.57,830.3,-0.22,3.29,5.69,294.44
"162-980A-9H-2,103-105",91.62,831.05,0.94,3.44,0,0
"162-980A-9H-2,108-110",91.67,831.81,,,0.29,18.98
"162-980A-9H-2,113-115",91.72,832.57,0.63,3.27,0,0
"162-980A-9H-2,118-120",91.77,833.33,,,0,0
"162-980A-9H-2,123-125",91.82,834.08,0.45,3.26,0.43,22.24
"162-980A-9H-2,128-130",91.87,834.84,,,0,0
"162-980A-9H-2,133-135",91.92,835.6,0.6,3.12,0.38,16.17
"162-980A-9H-2,138-140",91.97,836.36,0.81,2.99,0.24,10.99
"162-980A-9H-2,143-145",92.02,837.11,,,0,0
"162-980A-9H-2,148-150",92.07,837.87,,,0,0
"162-980A-9H-3,3-5",92.12,838.63,,,0,0
"162-980A-9H-3,8-10",92.17,839.39,,,0,0
"162-980A-9H-3,13-15",92.22,840.14,,,1.1,16.44
"162-980A-9H-3,18-20",92.27,840.9,-0.37,2.88,0.23,3.98
"162-980A-9H-3,23-25",92.32,841.4,0.24,2.66,0.36,13.28
"162-980A-9H-3,28-30",92.37,841.9,,,1.59,85.26
"162-980A-9H-3,33-35",92.42,842.41,0.75,3.14,2.07,178.52
"162-980A-9H-3,38-40",92.47,842.91,0.54,3.41,2.51,254.47
"162-980A-9H-3,43-45",92.52,843.41,0.74,3.28,0.93,189.93
"162-980A-9H-3,48-50",92.57,843.91,0.68,3.18,0,0
"162-980A-9H-3,53-55",92.62,844.41,1.19,4.36,0,0
"162-980A-9H-3,58-60",92.67,844.91,,,0,0
"162-980A-9H-3,63-65",92.72,845.42,0.44,3.38,0,0
"162-980A-9H-3,68-70",92.77,845.92,,,0,0
"162-980A-9H-3,73-75",92.82,846.42,,,0,0
"162-980A-9H-3,78-80",92.87,846.92,0.51,2.91,0,0
"162-980C-11H-1,98-100",92.91,847.32,0.53,2.85,0,0
"162-980C-11H-1,103-105",92.96,847.82,0.6,3.08,0.35,7.09
"162-980C-11H-1,108-110",93.01,848.32,0.97,3.67,0,0
"162-980C-11H-1,113-115",93.06,848.83,0.49,3.05,0,0
"162-980C-11H-1,118-120",93.11,849.33,0.45,2.99,0,0
"162-980C-11H-1,123-130",93.16,849.83,0.46,2.99,0,0
"162-980C-11H-1,128-130",93.21,850.33,0.31,3.21,0,0
"162-980C-11H-1,133-138",93.26,850.83,0.64,2.96,0,0
"162-980C-11H-1,138-140",93.31,851.33,0.5,2.97,0,0
"162-980C-11H-1,143-145",93.36,851.84,0.54,2.94,0,0
"162-980C-11H-1,148-150",93.41,852.34,0.23,2.89,0,0
"162-980C-11H-2,3-5",93.46,852.84,0.16,2.91,0,0
"162-980C-11H-2,8-10",93.51,853.34,0.31,2.92,0,0
"162-980C-11H-2,13-15",93.56,853.84,0.44,2.83,0,0
"162-980C-11H-2,18-20",93.61,854.34,0.34,2.64,0.48,14.34
"162-980C-11H-2,23-25",93.66,854.85,0.44,2.86,0,0
"162-980C-11H-2,28-30",93.71,855.35,0.19,2.89,0,0
"162-980C-11H-2,33-35",93.76,855.85,0.36,2.65,0,0
"162-980C-11H-2,38-40",93.81,856.85,0.35,2.56,0,0
"162-980C-11H-2,43-45",93.86,857.85,0.22,2.56,0,0
"162-980C-11H-2,48-50",93.91,858.86,0.51,2.7,0,0
"162-980C-11H-2,53-55",93.96,859.86,0.63,2.67,0,0
"162-980C-11H-2,58-60",94.01,860.86,0.12,2.42,0,0
"162-980C-11H-2,63-65",94.06,861.86,,,0.24,2.56
"162-980C-11H-2,68-70",94.11,862.87,-0.05,3.24,29.17,336.63
"162-980C-11H-2,73-75",94.16,863.87,,,0,0
"162-980C-11H-2,78-80",94.21,864.87,-0.29,3.09,0.28,0.61
"162-980C-11H-2,83-85",94.26,865.87,,,0.28,1.46
"162-980C-11H-2,88-90",94.31,866.87,-0.4,3.69,15.38,306.57
"162-980C-11H-2,93-95",94.36,867.88,0.2,4.24,14.35,206.38
"162-980C-11H-2,98-100",94.41,868.88,-0.24,3.45,14,355.23
"162-980C-11H-2,103-105",94.46,869.88,-0.12,4.27,14.37,452.58
"162-980C-11H-2,108-110",94.51,870.75,,,36.53,271.62
"162-980C-11H-2,113-115",94.56,871.63,0.44,4.64,27.59,288.24
"162-980C-11H-2,118-120",94.61,872.5,-0.1,4.1,22.5,163.9
"162-980C-11H-2,123-125",94.66,873.37,0.24,4.19,9.67,62.65
"162-980C-11H-2,128-130",94.71,874.25,0.35,4.59,12.45,181.69
"162-980C-11H-2,133-135",94.76,875.12,0.41,4.33,1.88,22.34
"162-980C-11H-2,138-140",94.81,875.99,0.17,3.88,1.61,8.32
"162-980C-11H-2,143-145",94.86,876.86,0.41,4.74,8.12,291.71
"162-980C-11H-2,148-150",94.91,877.74,0.54,4.56,18,896.24
"162-980C-11H-3,3-5",94.96,878.61,,,12.08,338.55
"162-980C-11H-3,8-10",95.01,879.48,,,12.15,479.61
"162-980C-11H-3,13-15",95.06,880.36,,,14.79,1210.62
"162-980C-11H-3,18-20",95.11,881.23,0.31,3.74,10.47,283.19
"162-980C-11H-3,23-25",95.16,882.1,0.38,4.58,9.85,504.03
"162-980C-11H-3,28-30",95.21,882.98,0.4,4.04,8.57,424.58
"162-980C-11H-3,33-35",95.26,883.85,0.37,4.04,10.31,739.49
"162-980C-11H-3,38-40",95.31,884.72,0.19,3.82,3.25,116.81
"162-980C-11H-3,43-48",95.36,885.6,0.11,3.83,4.03,83.85
"162-980C-11H-3,48-50",95.41,886.47,0.03,3.68,15.96,289.55
"162-980C-11H-3,53-55",95.46,887.34,-0.1,3.68,,
"162-980C-11H-3,58-60",95.51,888.22,-0.21,3.53,41.97,954.5
"162-980C-11H-3,63-65",95.56,888.72,-0.15,3.73,44.38,954.78
"162-980C-11H-3,68-70",95.61,889.23,-0.15,3.8,44.48,1357.87
"162-980C-11H-3,73-75",95.66,889.73,-0.2,3.83,39.91,1049.18
"162-980C-11H-3,78-80",95.71,890.24,-0.25,3.78,43.61,829.45
"162-980C-11H-3,83-85",95.76,890.74,-0.19,3.84,37.47,455.72
"162-980C-11H-3,88-90",95.81,891.25,0.01,3.85,26.94,692.76
"162-980C-11H-3,93-95",95.86,891.75,0.04,3.9,45.51,1771.63
"162-980C-11H-3,98-100",95.91,892.26,-0.05,3.68,14.63,772.99
"162-980C-11H-3,103-105",95.96,892.76,0.44,3.99,2.46,1670.47
"162-980C-11H-3,108-110",96.01,893.27,0.14,3.54,1.15,247.14
"162-980C-11H-3,113-115",96.06,893.77,0.71,3.99,0,0
"162-980C-11H-3,118-120",96.11,894.28,0.58,3.73,0.77,194.68
"162-980C-11H-3,123-125",96.16,894.78,0.82,3.92,0.71,241.51
"162-980C-11H-3,128-130",96.21,895.29,0.41,3.58,0.5,138.39
"162-980C-11H-3,133-135",96.26,895.79,0.31,3.68,1.24,330.48
"162-980C-11H-3,138-140",96.31,896.3,0.42,3.42,0.4,111.35
"162-980C-11H-3,143-145",96.36,897.69,0.4,3.06,0.33,307.85
"162-980C-11H-3,148-150",96.41,899.08,0.22,3.45,0.44,105.93
"162-980C-11H-4,3-5",96.46,900.47,-0.03,3.76,1.07,143.83
"162-980C-11H-4,8-10",96.51,901.86,-0.09,3.71,0.16,23.23
"162-980C-11H-4,13-15",96.56,903.25,0.09,3.43,13.59,1071.47
"162-980C-11H-4,18-20",96.61,904.65,-0.26,3.33,1.97,185.62
"162-980C-11H-4,23-25",96.66,906.04,0.19,4.23,1.82,195.53
"162-980C-11H-4,28-30",96.71,907.43,-0.21,3.42,50.8,1022.42
"162-980C-11H-4,33-35",96.76,908.82,-0.52,3.18,32.42,1011.06
"162-980C-11H-4,38-40",96.81,910.21,-0.46,3.3,36.79,643.96
"162-980C-11H-4,43-45",96.86,911.6,,,17.56,1596.3
"162-980C-11H-4,48-50",96.91,912.99,0.3,4.22,3.77,833.78
"162-980C-11H-4,53-55",96.96,914.35,0.2,4.17,5.14,609.22
"162-980C-11H-4,58-60",97.01,915.71,,,14.23,639.44
"162-980C-11H-4,63-65",97.06,917.07,,,82.93,2785.45
"162-980C-11H-4,68-70",97.11,918.43,0.34,4.24,1.98,568.94
"162-980C-11H-4,73-75",97.16,919.8,-0.22,3.95,0.76,151.3
"162-980C-11H-4,78-80",97.21,921.16,0.1,3.86,4.93,690.03
"162-980C-11H-4,83-85",97.26,922.52,0.48,3.97,3.11,133.48
"162-980C-11H-4,88-90",97.31,923.88,0.44,3.66,1.02,109.73
"162-980C-11H-4,93-95",97.36,925.24,0.01,3.63,1.11,99.55
"162-980C-11H-4,98-100",97.41,926.6,0.41,3.25,2.34,201.6
"162-980C-11H-4,103-105",97.46,927.29,0.08,3.42,15.26,1239.65
"162-980C-11H-4,108-110",97.51,927.99,0.13,3.25,17.85,926.06
"162-980C-11H-4,113-115",97.56,928.68,0.31,3.45,20.43,447.46
"162-980C-11H-4,118-120",97.61,929.37,-0.43,3.22,4.64,220.77
"162-980C-11H-4,123-125",97.66,930.07,0.51,3.56,5.69,491.29
"162-980C-11H-4,128-130",97.71,930.76,0.7,3.41,0.83,126.27
"162-980C-11H-4,133-135",97.76,931.45,0.69,3.15,3.67,940.12
"162-980C-11H-4,138-140",97.81,932.15,0.44,3.1,1.29,231.11
"162-980C-11H-4,143-145",97.86,932.84,,,0.23,51.64
"162-980C-11H-4,148-150",97.91,933.53,0.11,3.33,1.46,61.9
"162-980C-11H-5,3-5",97.96,934.23,0.85,3.07,0,0
"162-980C-11H-5,8-10",98.01,934.92,0.8,3.03,0,0
"162-980C-11H-5,13-15",98.06,935.61,0.92,3.15,0,0
"162-980C-11H-5,18-20",98.11,936.31,0.84,3.03,0.58,115.93
"162-980C-11H-5,23-25",98.16,937,0.41,3.17,0,0
"162-980C-11H-5,28-30",98.21,938.39,0.73,3.12,0,0
"162-980C-11H-5,33-35",98.26,939.77,0.56,3.06,0,0
"162-980C-11H-5,38-40",98.31,941.16,0.59,2.77,0.15,33.43
"162-980C-11H-5,43-45",98.36,942.54,0.25,3.01,0,0
"162-980C-11H-5,48-50",98.41,943.93,0.54,2.89,0,0
"162-980C-11H-5,53-55",98.46,945.31,0.67,2.67,0,0
"162-980C-11H-5,58-60",98.51,946.7,0.59,2.66,0.28,24.76
"162-980C-11H-5,63-65",98.56,948.09,0.89,2.73,0,0
"162-980C-11H-5,68-70",98.61,949.47,0.61,2.64,0,0
"162-980C-11H-5,73-75",98.66,950.86,0.65,2.71,1.34,254.03
"162-980C-11H-5,78-80",98.71,952.24,0.66,2.52,0.29,48.66
"162-980C-11H-5,83-85",98.76,953.63,0.62,2.67,1.16,179.6
"162-980C-11H-5,88-90",98.81,955.01,0.68,2.65,0.99,189.21
"162-980C-11H-5,93-95",98.86,956.4,0.46,2.56,3.75,637
"162-980C-11H-5,98-100",98.91,957.78,-0.16,2.51,9.19,457.14
"162-980C-11H-5,103-105",98.96,959.17,0.01,3.25,11.07,664.2
"162-980C-11H-5,108-110",99.01,960.13,-0.13,3.38,36.18,1300.16
"162-980C-11H-5,113-115",99.06,961.09,0.31,3.92,13.62,1517.86
"162-980C-11H-5,118-120",99.11,962.06,0.55,3.78,0.12,47.03
"162-980C-11H-5,123-125",99.16,963.02,0.79,3.94,0,0
"162-980C-11H-5,128-130",99.21,963.98,0.64,3.96,0.28,98.96
"162-980C-11H-5,133-135",99.26,964.94,0.73,3.59,0,0
"162-980C-11H-5,138-140",99.31,965.9,0.55,3.67,0.39,115.7
"162-980C-11H-5,143-145",99.36,966.87,0.32,3.24,0,0
"162-980C-11H-5,148-150",99.41,967.83,1.11,4.18,0,0
"162-980C-11H-6,3-5",99.46,968.79,0.76,3.61,0.54,129.54
"162-980C-11H-6,8-10",99.51,969.75,0.61,3.39,1.97,403.38
"162-980C-11H-6,13-15",99.56,970.71,0.52,3.56,0.7,160.13
"162-980C-11H-6,18-20",99.61,971.68,0.48,3.18,1.07,159.48
"162-980C-11H-6,23-25",99.66,972.64,0.54,3.31,0.21,34.39
"162-980C-11H-6,28-30",99.71,973.6,0.44,3.1,0.58,44.37
"162-980C-11H-6,33-35",99.76,974.39,0.87,3.22,2,301.56
"162-980C-11H-6,38-40",99.81,975.19,0.8,3.03,0.88,75.91
"162-980C-11H-6,43-45",99.86,975.98,0.32,3.01,,
"162-980C-11H-6,48-50",99.91,976.77,0.65,3.5,6.46,745.14
"162-980C-11H-6,53-55",99.96,977.57,0.33,3.33,28.72,172.11
"162-980C-11H-6,58-60",100.01,978.36,0.45,3.19,39.95,925.19
"162-980C-11H-6,63-65",100.06,979.15,0.36,3.36,21.55,666.4
"162-980C-11H-6,68-70",100.11,979.95,0.82,3.78,1.77,255.35
"162-980C-11H-6,73-75",100.16,980.74,0.95,4.1,5.55,2077.92
"162-980C-11H-6,78-80",100.21,981.53,0.77,3.49,0.17,100.57
"162-980C-11H-6,83-85",100.26,982.33,1.16,3.72,0.27,168.87
"162-980C-11H-6,88-90",100.31,983.12,1.16,3.72,0.37,186.83
"162-980C-11H-6,93-95",100.36,983.91,1.21,3.59,0,0
"162-980C-11H-6,98-100",100.41,984.71,0.9,3.2,0.32,6.15
"162-980C-11H-6,103-105",100.46,985.5,1.12,3.64,0.84,196.55
"162-980C-11H-6,108-110",100.51,986.29,0.93,3.53,0,0
"162-980C-11H-6,113-115",100.56,987.09,1.06,3.38,0,0
"162-980C-11H-6,118-120",100.61,987.88,0.81,3.06,0,0
"162-980C-11H-6,123-125",100.66,988.67,,,0,0
"162-980C-11H-6,128-130",100.71,989.47,,,0.25,26.9
"162-980C-11H-6,133-135",100.76,990.26,,,10.07,1384.66
"162-980C-11H-6,138-140",100.81,991.05,0.64,3.14,1.22,228.9
"162-980C-11H-6,143-145",100.86,991.85,,,40.37,1240.61
"162-980C-11H-6,148-150",100.91,992.64,0.92,3.6,45.12,917.51